ilaçAdı,etkinMaddeAdı,firmaAdı,kübOnayTarihi,ktOnayTarihi,kübDocLink,ktDocLink,fileName
"“BUTEFIN %1 DERIYE UYGULANACAK SPREY, ÇöZELTI",BUTENAFİN HİDROKLORÜR,BERAT BERAN İLAÇ SAN. VE TİC. LTD. ŞTİ.,09/02/2025,09/02/2025,https://titck.gov.tr/storage/Archive/2025/kubKtAttachments/yaynlanacakbutefinderispreyi1311kubruhsatkesimonayli_27_03_2025.pdf,https://titck.gov.tr/storage/Archive/2025/kubKtAttachments/yaynlanacakbutefinderispreyi1312ktruhsatkesimonayli_27_03_2025.pdf,2980a80b15ed409da5a3a90357c849a4.txt
% 0.4 LİDODEKS % 5 DEKSTROZ İÇİNDE İ.V. İNFÜZYON İÇİN ÇÖZELTİ,LİDOKAİN HİDROKLORÜR,POLİFARMA İLAÇ SAN. VE TİC. A.Ş.,05/08/2016,05/08/2016,https://titck.gov.tr/storage/kubKtAttachments/lIuHIb0hrWwWX.pdf,https://titck.gov.tr/storage/kubKtAttachments/UvkJVg4Reg8DgW.pdf,679356b6c1ec417dbccc6f595db99284.txt
% 0.8 LİDODEKS % 5 DEKSTROZ İÇİNDE İ.V. İNFÜZYON İÇİN ÇÖZELTİ,LİDOKAİN HİDROKLORÜR,POLİFARMA İLAÇ SAN. VE TİCARET A.Ş.,05/08/2016,05/08/2016,https://titck.gov.tr/storage/kubKtAttachments/Eyv3GvSC78TyG.pdf,https://titck.gov.tr/storage/kubKtAttachments/Eyv3GvSC78TyGX.pdf,3fa208e0b74b4dcc8c66d98a1b1791e7.txt
% 10 DEKSTROZ BIOSEL SUDAKI HIPERTONIK SOLÜSYONU,DEKSTROZ,OSEL ILAÇ SAN. VE TIC.A.Ş.,06/02/2015,06/02/2015,https://titck.gov.tr/storage/kubKtAttachments/d1e4609c45321.pdf,https://titck.gov.tr/storage/kubKtAttachments/48bbea0024441.pdf,d3b787d2cd4f4af6a0baa879cecfcf2c.txt
% 10 DEKSTROZ BIOSEL SUDAKI HIPERTONIK SOLÜSYONU,DEKSTROZ,OSEL ILAÇ SAN. VE TIC.A.Ş.,06/02/2015,06/02/2015,https://titck.gov.tr/storage/kubKtAttachments/d1e4609c45321.pdf,https://titck.gov.tr/storage/kubKtAttachments/48bbea0024441.pdf,740a78d96d164ced89155dead21dffa9.txt
% 10 DEKSTROZ BIOSEL SUDAKI HIPERTONIK SOLÜSYONU,DEKSTROZ,OSEL ILAÇ SAN. VE TIC.A.Ş.,06/02/2015,06/02/2015,https://titck.gov.tr/storage/kubKtAttachments/d1e4609c45321.pdf,https://titck.gov.tr/storage/kubKtAttachments/48bbea0024441.pdf,087555959e2c460394ca166e91528efd.txt
"% 17,5 DEKSTROZ BIOSEL SUDAKI HIPERTONIK SOLÜSYONU",DEKSTROZ,OSEL ILAÇ SAN.VE TIC.A.Ş.,06/02/2015,06/02/2015,https://titck.gov.tr/storage/kubKtAttachments/7eaefa8f21453.pdf,https://titck.gov.tr/storage/kubKtAttachments/54bd3c1a30699.pdf,64e892b024f9482191abe9720c5e95e5.txt
"% 17,5 DEKSTROZ BIOSEL SUDAKI HIPERTONIK SOLÜSYONU",DEKSTROZ,OSEL ILAÇ SAN.VE TIC.A.Ş.,06/02/2015,06/02/2015,https://titck.gov.tr/storage/kubKtAttachments/7eaefa8f21453.pdf,https://titck.gov.tr/storage/kubKtAttachments/54bd3c1a30699.pdf,58e4b927ae164106bd10ca5af95f11d9.txt
% 20 DEKSTROZ BIOSEL SUDAKI HIPERTONIK SOLÜSYONU,DEKSTROZ,OSEL ILAÇ SAN.VE TIC.A.Ş.,06/02/2015,06/02/2015,https://titck.gov.tr/storage/kubKtAttachments/11f349f864741.pdf,https://titck.gov.tr/storage/kubKtAttachments/1c48982056718.pdf,eb3174612fff4103b3da2bd79a66c16b.txt
% 20 SODYUM KLORÜR ÇÖZELTİSİ İÇEREN AMPUL,SODYUM KLORÜR,ONFARMA İLAÇ İNŞAAT TIBBİ ALETLER SAN. VE TİC. LTD. ŞTİ.,13/05/2015,13/05/2015,https://titck.gov.tr/storage/kubKtAttachments/28290d2c47384.pdf,https://titck.gov.tr/storage/kubKtAttachments/224e567a43179.pdf,88faeb21a2374f349ad294067d03eba6.txt
% 30 DEKSYTROZ BİOSEL SUDAKİ HİPERTONİK SOLÜSYONU,DEKSTROZ,OSEL İLAÇ SAN.VE TİC.A.Ş.,06/02/2015,06/02/2015,https://titck.gov.tr/storage/kubKtAttachments/9481dd9e58981.pdf,https://titck.gov.tr/storage/kubKtAttachments/0b4bff0d76756.pdf,23c883e8569a40d9b027ac5aff77adae.txt
% 5 DEKSTROZ LAKTATLI RINGER SOLÜSYONU (CAM ŞIŞEDE),KÜB'E BAKINIZ,ECZACIBAŞI-BAXTER HASTANE ÜRÜNLERİ SANAYİ VE TİCARET A.Ş.,18/04/2013,18/04/2013,https://titck.gov.tr/storage/kubKtAttachments/d905ca0978514.pdf,https://titck.gov.tr/storage/kubKtAttachments/0397069d78052.pdf,c5b270cd1a5d418cacf53608154eed13.txt
% 5 DEKSTROZ LAKTATLI RINGER SOLÜSYONU (MEDIFLEKS TORBA),KÜB'E BAKINIZ,ECZACIBAŞI-BAXTER HASTANE ÜRÜNLERİ SANAYİ VE TİCARET A.Ş.,18/04/2013,18/04/2013,https://titck.gov.tr/storage/kubKtAttachments/4b0447b719465.pdf,https://titck.gov.tr/storage/kubKtAttachments/b08adba899966.pdf,ac97d33008bf43caba89c2965eb5313b.txt
% 50 DEKSTROZ BİOSEL SUDAKİ HİPERTONİK SOLÜSYONU,DEKSTROZ,OSEL İLAÇ SAN.VE TİC.A.Ş.,06/02/2015,06/02/2015,https://titck.gov.tr/storage/kubKtAttachments/e7b9a37067479.pdf,https://titck.gov.tr/storage/kubKtAttachments/5bbceda281083.pdf,4e43fa781759438883e48df3e745983c.txt
%0.9 İZOTONİK SODYUM KLORÜR SOLÜSYONU,SODYUM KLORÜR,OSEL İLAÇ SAN. VE TİC. A.Ş.,03/02/2015,01/01/1970,https://titck.gov.tr/storage/kubKtAttachments/363ff7c272570.pdf,https://titck.gov.tr/storage/kubKtAttachments/,b630df0a514148d39d7cec44c8b2bc47.txt
%0.9 İZOTONİK SODYUM KLORÜR SOLÜSYONU,SODYUM KLORÜR,OSEL İLAÇ SAN. VE TİC. A.Ş.,03/02/2015,01/01/1970,https://titck.gov.tr/storage/kubKtAttachments/363ff7c272570.pdf,https://titck.gov.tr/storage/kubKtAttachments/,dbed0d4ada0d4397a01f30a987589321.txt
%1.5 GLISIN İRIGASYON SOLÜSYONU,GLISIN,ECZACIBAŞI-BAXTER HASTANE ÜRÜNLERİ SANAYİ VE TİCARET A.Ş.,19/06/2012,19/06/2012,https://titck.gov.tr/storage/kubKtAttachments/fe9b8a6d45134.pdf,https://titck.gov.tr/storage/kubKtAttachments/629b3ece81873.pdf,68c39bc408d84ddc9c58136e2122b592.txt
%10 DEKSTROZ SUDAKI SOLÜSYONU (CAM),DEKSTROZ,ECZACIBAŞI-BAXTER HASTANE ÜRÜNLERİ SANAYİ VE TİCARET A.Ş.,07/07/2011,07/07/2011,https://titck.gov.tr/storage/kubKtAttachments/053f74b628872.pdf,https://titck.gov.tr/storage/kubKtAttachments/9ed9813a71226.pdf,ec9187cc15d74099879c5f11aff13197.txt
%10 DEKSTROZ SUDAKI SOLÜSYONU (MEDIFLEKS),DEKSTROZ,ECZACIBAŞI-BAXTER HASTANE ÜRÜNLERİ SANAYİ VE TİCARET A.Ş.,07/07/2011,07/07/2011,https://titck.gov.tr/storage/kubKtAttachments/25b78faf79050.pdf,https://titck.gov.tr/storage/kubKtAttachments/148cf28250962.pdf,844f9b0889eb460d8a8a6e9124de1def.txt
%10 FREAMINE III ENJEKTABL AMIMOASIT SOLÜSYONU,ESANSIYEL AMINO ASIT SOLÜSYONU,,04/01/2013,04/01/2013,https://titck.gov.tr/storage/kubKtAttachments/cbcfc20763057.pdf,https://titck.gov.tr/storage/kubKtAttachments/c415480e47649.pdf,348de01e84624a0a90b85ee82c2994d8.txt
%10 MANNİTOL ÇÖZELTİSİ,MANNİTOL,ÇETİNKAYA İLAÇ SAN. VE TİC. A.Ş.,29/08/2018,29/08/2018,https://titck.gov.tr/storage/kubKtAttachments/VU7eSzcIwGtzp.pdf,https://titck.gov.tr/storage/kubKtAttachments/axbNBV5VYMLO27.pdf,40a7c192e12c46cfa1fd12bfbaaf7dbd.txt
%3 SODYUM KLORÜR SOLÜSYONU,Sodyum klorür,,21/12/2011,21/12/2011,https://titck.gov.tr/storage/kubKtAttachments/6c82a79f57274.pdf,https://titck.gov.tr/storage/kubKtAttachments/351debc560621.pdf,90a2876c66374e9ea7e63a88b708b8bc.txt
%30 DEKTROZ SUDAKI SOLÜSYONU (CAM ŞIŞEDE),DEKSTROZ,,04/10/2011,04/10/2011,https://titck.gov.tr/storage/kubKtAttachments/80524f7c58072.pdf,https://titck.gov.tr/storage/kubKtAttachments/ed2d982165026.pdf,06d04b72c2474e52bfc2723c888bc541.txt
%30 DEKTROZ SUDAKI SOLÜSYONU (MEDIFLEKS TORBA),DEKSTROZ,,04/10/2011,04/10/2011,https://titck.gov.tr/storage/kubKtAttachments/25ede91065476.pdf,https://titck.gov.tr/storage/kubKtAttachments/83f4aa7c36914.pdf,88bd04de1c6642dd8563498ed78bad0c.txt
"%5 DEKSTROZ , %0.45 SODYUM KLORÜR, %0.3 POTASYUM KLORÜR BIOSEL ENJEKTABL SOLÜSYONU","DEKSTROZ MONOHIDRAT, SODYUM KLORÜR, POTASYUM KLORÜR",OSEL ILAÇ SAN,22/01/2015,22/01/2015,https://titck.gov.tr/storage/kubKtAttachments/d8f3ee6044315.pdf,https://titck.gov.tr/storage/kubKtAttachments/95b5555c84422.pdf,b8cbd02723b54aa08fa0793640ccb4a1.txt
"%5 DEKSTROZ , %0.9 SODYUM KLORÜR BIOSEL SOLÜSYONU","DEKSTROZ MONOHIDRAT, SODYUM KLORÜR",OSEL ILAÇ SAN.,22/01/2015,22/01/2015,https://titck.gov.tr/storage/kubKtAttachments/856fbf6d77923.pdf,https://titck.gov.tr/storage/kubKtAttachments/048d666f71166.pdf,2bc88aafb64c44f686a03a248ce74f07.txt
%5 DEKSTROZ %0.2 SODYUM KLORÜR BİOSEL ENJEKTABL SOLÜSYONU,KÜBE BAKINIZ,OSEL İLAÇ SAN. TİC. A.Ş.,02/12/2015,02/12/2015,https://titck.gov.tr/storage/kubKtAttachments/VPcbCJcERpNKp.pdf,https://titck.gov.tr/storage/kubKtAttachments/ONAJ2fT0PNoWgA.pdf,dd2ac50d85754d09ac1b3f27f7f119d6.txt
%5 DEKSTROZ %0.45 SODYUM KLORÜR BİOSEL SOLÜSYONU,DEKSTROZ MONOHİDRAT - SODYUM KLORÜR,OSEL İLAÇ SAN. VE TİC. A.Ş.,30/01/2015,30/01/2015,https://titck.gov.tr/storage/kubKtAttachments/f19fbdf747256.pdf,https://titck.gov.tr/storage/kubKtAttachments/9f14008970677.pdf,a1b0af7e57fe4e70a78e38b14080e751.txt
%5 DEKSTROZ %0.45 SODYUM KLORÜR SOLÜSYONU (CAM),"DEKSTROZ MONOHIDRAT, SODYUM KLORÜR",ECZACIBAŞI-BAXTER HASTANE ÜRÜNLERİ SANAYİ VE TİCARET A.Ş.,08/12/2011,08/12/2011,https://titck.gov.tr/storage/kubKtAttachments/6e84eae129412.pdf,https://titck.gov.tr/storage/kubKtAttachments/bbf2719189111.pdf,36dfd09a860d4836b0128bc9d318e9a1.txt
%5 DEKSTROZ %0.45 SODYUM KLORÜR SOLÜSYONU (MEDIFLEKS),"DEKSTROZ MONOHIDRAT, SODYUM KLORÜR",ECZACIBAŞI-BAXTER HASTANE ÜRÜNLERİ SANAYİ VE TİCARET A.Ş.,08/12/2011,08/12/2011,https://titck.gov.tr/storage/kubKtAttachments/1e250a6577255.pdf,https://titck.gov.tr/storage/kubKtAttachments/60cf2aa884848.pdf,d9571a29e7b44fb489c09a1e3e04d6bb.txt
%5 DEKSTROZ BIOSEL SUDAKI SOLÜSYONU,DEKSTROZ,OSEL,23/03/2015,23/03/2015,https://titck.gov.tr/storage/kubKtAttachments/8495ad7979917.pdf,https://titck.gov.tr/storage/kubKtAttachments/874c98c866589.pdf,1c18a3aace604628a3ece3a4c1e31437.txt
%5 DEKSTROZ LAKTATLI RİNGER SOLÜSYONU (CAM ŞİŞEDE),"DEKSTROZ MONOHİDRAT, SODYUM KLORÜR, SODYUM LAKTAT, POTASYUM KLORÜR, KALSİYUM KLORÜR",ECZACIBAŞI-BAXTER HASTANE ÜRÜNLERİ SAN. VE TİC. A.Ş.,22/03/2016,22/03/2016,https://titck.gov.tr/storage/kubKtAttachments/hi7rXN1n5spIJ.pdf,https://titck.gov.tr/storage/kubKtAttachments/hi7rXN1n5spIJv.pdf,100cba72664b4a338fec07f35c695b4f.txt
%5 DEKSTROZ LAKTATLI RİNGER SOLÜSYONU(MEDİFLEX TORBADA),"DEKSTROZ MONOHİDRAT, SODYUM KLORÜR, SODYUM LAKTAT, POTASYUM KLORÜR, KALSİYUM KLORÜR",ECZACIBAŞI-BAXTER HASTANE ÜRÜNLERİ SAN. VE TİC. A.Ş.,22/03/2016,22/03/2016,https://titck.gov.tr/storage/kubKtAttachments/5DgZoMzpapoQv.pdf,https://titck.gov.tr/storage/kubKtAttachments/V2LbaTgW1XsyOm.pdf,c019a6b541d444348e758c378ec4917b.txt
%5 DEKSTROZ RINGER LAKTAT BIOSEL SOLÜSYONU,"DEKSTROZ MONOHIDRAT,SODYUM KLORÜR,SODYUM LAKTAT,POTASYUM KLORÜR,KALSIYUM KLORÜR DIHIDRAT",OSEL,27/01/2015,27/01/2015,https://titck.gov.tr/storage/kubKtAttachments/126920ea32460.pdf,https://titck.gov.tr/storage/kubKtAttachments/cb064d6062286.pdf,625400ebfa674ee08c8961f7ff37f235.txt
%5 DEKTROZ SUDAKI SOLÜSYONU (CAM),DEKSTROZ MONOHIDRAT,,01/08/2011,01/08/2011,https://titck.gov.tr/storage/kubKtAttachments/a8c5802071474.pdf,https://titck.gov.tr/storage/kubKtAttachments/9619503518061.pdf,fb26f2455b7c4c3382c982ba331218ed.txt
%5 DEKTROZ SUDAKI SOLÜSYONU (MEDIFLEKS),DEKSTROZ MONOHIDRAT,,01/08/2011,01/08/2011,https://titck.gov.tr/storage/kubKtAttachments/c054179961270.pdf,https://titck.gov.tr/storage/kubKtAttachments/14a31f4921218.pdf,8ec2a001385841b4a01bed5a1b93a6f5.txt
%50 DEKSTROZ SUDAKI SOLÜSYONU (CAM ŞIŞEDE),Glukoz,,21/12/2011,21/12/2011,https://titck.gov.tr/storage/kubKtAttachments/8e6b99e970072.pdf,https://titck.gov.tr/storage/kubKtAttachments/bc996e4899348.pdf,855cf22c97a7487bae53826df299ce87.txt
1/2 İZOTONİK SODYUM KLORÜR İZOTONİK DEKSTROZ ÇÖZELTİSİ,Dekstroz Anhidrit Sodyum Klorür,ÇETİNKAYA İLAÇ SAN. VE TİC. A.Ş.,27/08/2018,27/08/2018,https://titck.gov.tr/storage/kubKtAttachments/ysh1Bw5udlBhl.pdf,https://titck.gov.tr/storage/kubKtAttachments/oR0ljGbB0Ac7lJ.pdf,3e54edb2b1864ae0aae58682cb0fdca1.txt
"1/3 İZODEKS (%3.33 DEKSTROZ %0,3 NACL SOLÜSYONU) (CAM)","NACL, DEKSTROZ MONOHIDRAT",ECZACIBAŞI-BAXTER HASTANE ÜRÜNLERİ SANAYİ VE TİCARET A.Ş.,19/10/2011,19/10/2011,https://titck.gov.tr/storage/kubKtAttachments/10c6cc3590978.pdf,https://titck.gov.tr/storage/kubKtAttachments/0f822b3a54612.pdf,13339947d36e4bc28ac9207c41cd733c.txt
"1/3 İZODEKS (%3.33 DEKSTROZ %0,3 NACL SOLÜSYONU) (MEDIFLEKS)","NACL, DEKSTROZ MONOHIDRAT",ECZACIBAŞI-BAXTER HASTANE ÜRÜNLERİ SANAYİ VE TİCARET A.Ş.,19/10/2011,19/10/2011,https://titck.gov.tr/storage/kubKtAttachments/9fd4742430285.pdf,https://titck.gov.tr/storage/kubKtAttachments/6886811751793.pdf,01f3a85db86040928f79d07ea9e459bc.txt
1/3 İZOTONİK SODYUM KLORÜR İZOTONİK DEKSTROZ ÇÖZELTİSİ,DEKSTROZ ANHİDRİT + SODYUM KLORÜR,ÇETİNKAYA İLAÇ SAN. VE TİC. A.Ş.,27/08/2018,27/08/2018,https://titck.gov.tr/storage/kubKtAttachments/X4pjUcz4Z3EsP.pdf,https://titck.gov.tr/storage/kubKtAttachments/jUgiNDhjFefy2h.pdf,16c8a03ddddc42d29ec99e2ecc397f14.txt
5- FU INJECTION 250 MG/ 5 ML,5- FLUOROURASIL,KOÇSEL ILAÇ SAN. VE TIC. A. Ş.,29/03/2013,29/03/2013,https://titck.gov.tr/storage/kubKtAttachments/276f34d426633.pdf,https://titck.gov.tr/storage/kubKtAttachments/6af6308b64660.pdf,d480e234501b41f69afb8e13c17f95b6.txt
5-FLUOROURACIL 1000 MG/20 ML ENJEKTABL ÇÖZELTI IÇEREN FLAKON,5-FLUOROURACIL,,16/08/2011,16/08/2011,https://titck.gov.tr/storage/kubKtAttachments/e7f4a77527989.pdf,https://titck.gov.tr/storage/kubKtAttachments/394885fb25151.pdf,4bf060205f434a00a7fa40b76a7a827b.txt
5-FLUOROURACIL 500 MG/10 ML ENJEKTABL ÇÖZELTI IÇEREN FLAKON,5-FLUOROURACIL,TENASOL,16/08/2011,16/08/2011,https://titck.gov.tr/storage/kubKtAttachments/4137b60044389.pdf,https://titck.gov.tr/storage/kubKtAttachments/3697019338710.pdf,8a100c41c6fc4b28857661fc916e495c.txt
5-FLUOROURACIL BIOSYN 1000 MG/20 ML AMPUL,5-FLUOROURACIL,SANDOZ İLAÇ SANAYİ VE TİCARET A.Ş.,07/08/2013,07/08/2013,https://titck.gov.tr/storage/kubKtAttachments/81b0cb2b14791.pdf,https://titck.gov.tr/storage/kubKtAttachments/a799185b54887.pdf,722c68d3fa0841c28429f6915564469d.txt
5-FLUOROURACIL BIOSYN 250 MG/5 ML AMPUL,5-FLUOROURACIL,SANDOZ İLAÇ SANAYİ VE TİCARET A.Ş.,07/08/2013,07/08/2013,https://titck.gov.tr/storage/kubKtAttachments/a4e1348793520.pdf,https://titck.gov.tr/storage/kubKtAttachments/897a396d58342.pdf,6f07f725bd494a31bf5050ca25a7d0e1.txt
5-FLUOROURACIL BIOSYN 500 MG/10 ML AMPUL,5-FLUOROURACIL,,07/08/2013,07/08/2013,https://titck.gov.tr/storage/kubKtAttachments/fa81969334766.pdf,https://titck.gov.tr/storage/kubKtAttachments/35b2694026148.pdf,2502d4629d3445eda0949984ab6eb758.txt
5-Frotu 1000 mg/20 ml Enjeksiyonluk Çözelti İçeren Flakon,5-Fluorourasil,Onko İlaç San. ve Tic. A.Ş.,16/02/2016,16/02/2016,https://titck.gov.tr/storage/kubKtAttachments/7X9GCZ4l7IkDU.pdf,https://titck.gov.tr/storage/kubKtAttachments/i2PhC4XUX9aQdT.pdf,5437e2d26f58451b89998187689d2588.txt
5-Frotu 500 mg/10 ml Enjeksiyonluk Çözelti,5-Fluorourasil,Onko İlaç San. ve Tic. A.Ş.,21/11/2018,21/11/2018,https://titck.gov.tr/storage/kubKtAttachments/W5ZDmc6tLabJu.pdf,https://titck.gov.tr/storage/kubKtAttachments/iNa2BbhuK4Ydum.pdf,9ffc48bab1364a3ea66b5d7421cae658.txt
5-Frotu 5000 mg/100 ml Enjeksiyonluk Çözelti İçeren Flakon,5-Fluorourasil,Onko İlaç San. ve Tic. A.Ş.,17/02/2016,17/02/2016,https://titck.gov.tr/storage/kubKtAttachments/pESgsUnZZbIat.pdf,https://titck.gov.tr/storage/kubKtAttachments/pESgsUnZZbIatd.pdf,b56ecf23b2d44ed883e8ec33f662217b.txt
A-FERİN 1 MG+160 MG/5 ML PEDİATRİK ŞURUP,"PARASETAMOL, KLORFENİRAMİN MALEAT",HÜSNÜ ARSAN İLAÇLARI,19/07/2019,19/07/2019,https://titck.gov.tr/storage/Archive/2019/kubKtAttachments/TİTCK A-FERİN PEDİYATRİK ŞURUP SENDİKA UYGUN KÜB.pdf_d2ea9dd3-d040-4c48-bb38-d21c694dad9e.pdf,https://titck.gov.tr/storage/Archive/2019/kubKtAttachments/TİTCK A-FERİN PEDİYATRİK ŞURUP SENDİKA UYGUN KT.pdf_bcf29dfd-eef3-4546-b039-15f1566282ea.pdf,0f3b837a7f2f470e99cfd4f342ed9b0b.txt
A-FERİN 300 MG/2 MG/10 MG KAPSÜL,"PARASETAMOL, KLORFENİRAMİN MALEAT, KODEİN FOSFAT",HÜSNÜ ARSAN İLAÇLARI A.Ş.,19/07/2019,19/07/2019,https://titck.gov.tr/storage/Archive/2019/kubKtAttachments/TİTCK A-FERİN KAPSÜL SENDİKA UYGUN KÜB.pdf_a7d4ff7d-5346-4289-af74-f99aba97fc44.pdf,https://titck.gov.tr/storage/Archive/2019/kubKtAttachments/TİTCK A-FERİN KAPSÜL SENDİKA UYGUN KT.pdf_7f33906e-d401-4575-bf14-7f79c4744e6f.pdf,f87064c5016b424f9ba4fe34f3f04729.txt
A-FERIN FORTE 500 MG/4 MG FILM KAPLı TABLET,"PARASETAMOL, KLORFENIRAMIN MALEAT",HÜSNÜ ARSAN İLAÇLARI A.Ş.,26/12/2024,26/12/2024,https://titck.gov.tr/storage/Archive/2025/kubKtAttachments/aferinforte500mg4mgkb_24_02_2025.pdf,https://titck.gov.tr/storage/Archive/2025/kubKtAttachments/aferinforte500mg4mgkt_24_02_2025.pdf,0774aa9edea044139926d5917f0f07b8.txt
A-FERİN FORTE 650 MG/4 MG FİLM KAPLI TABLET,"PARASETAMOL, KLORFENİRAMİN MALEAT",HÜSNÜ ARSAN ILAÇLARI A.Ş.,08/05/2021,08/05/2021,https://titck.gov.tr/storage/Archive/2021/kubKtAttachments/TTCKOnaylKBAFERNFORTTB2_dbeb26a1-af00-4dc9-bf0c-d5018c44ca6c.pdf,https://titck.gov.tr/storage/Archive/2021/kubKtAttachments/TTCKOnaylKTAFERNFORTTB1_0475276b-3a14-4a8b-b0f7-f442aaa14b4a.pdf,a7779178e1354a4ab647924e1beea902.txt
A-FERIN HOT TEK KULLANIMLIK TOZ IÇEREN POŞET,"PARASETAMOL, PSÖDOEFEDRIN HIDROKLORUR",HÜSNÜ ARSAN ILAÇLARI A.Ş.,07/06/2024,07/06/2024,https://titck.gov.tr/storage/Archive/2024/kubKtAttachments/aferinhottemizkub_90261254-a0f9-4401-a340-1a6489e84b35.pdf,https://titck.gov.tr/storage/Archive/2024/kubKtAttachments/aferinhottemizkt_c175ea1f-899d-4410-827d-7a643e1f134a.pdf,8784f84c74184a859bdd0a98af29ec3a.txt
A-FERİN PLUS 1 MG+15 MG+160 MG/5 ML PEDİYATRİK ŞURUP,"PARASETAMOL, KLORFENİRAMİN MALEAT, PSÖDOEFEDRİN HCL",HÜSNÜ ARSAN İLAÇLARI A. Ş.,13/06/2024,13/06/2024,https://titck.gov.tr/storage/Archive/2024/kubKtAttachments/aferinpluskisaurunbilgisitemiz_53f34fb3-5912-40b9-a499-08dd0fade18a.pdf,https://titck.gov.tr/storage/Archive/2024/kubKtAttachments/aferinplusonerilenkullanmatalimatitemiz_d49ea622-03db-42b6-b756-9e180aaae9a9.pdf,b718239a49b3488096542425913b50bc.txt
"A-FERIN SINÜS 500 MG/30 MG/1,25 MG FILM KAPLI TABLET","PARASETAMOL, PSÖDOEFEDRIN HIDROKLORUR, TRIPROLIDIN HIDROKLORÜR",HÜSNÜ ARSAN ILAÇLARI A.Ş.,13/06/2024,13/06/2024,https://titck.gov.tr/storage/Archive/2024/kubKtAttachments/aferinsinskisaurunbilgisitemiz_ddfa922f-90c3-4a82-8fb2-8476d24d0d15.pdf,https://titck.gov.tr/storage/Archive/2024/kubKtAttachments/AFERNSNSKT_1131a82f-c0c2-4baf-8236-53ec3d9dadc7.pdf,176105f8bec342b6ba2883baea2091aa.txt
A-FERİN ZERO 120 MG/5 ML PEDİATRİK ŞURUP,PARASETAMOL,HÜSNÜ ARSAN İLAÇLARI A.Ş,15/08/2023,15/08/2023,https://titck.gov.tr/storage/Archive/2023/kubKtAttachments/AFERNDZELTKB_39819a03-970f-4b3d-98ad-607d43e8696f.pdf,https://titck.gov.tr/storage/Archive/2023/kubKtAttachments/AFERNDZELTKT_fb3a8c9f-1e54-42d0-8798-a406a8126b70.pdf,ddc0d2ae6ede440c8c5e4d6300cca09b.txt
A-FERİN ZERO 6 PLUS 250 MG/5 ML ORAL SüSPANSIYON,PARASETAMOL,HÜSNÜ ARSAN İLAÇLARI A.Ş.,14/02/2023,14/02/2023,https://titck.gov.tr/storage/Archive/2023/kubKtAttachments/KB_d4b4f98e-789f-473b-a67b-4c9f23c708b5.pdf,https://titck.gov.tr/storage/Archive/2023/kubKtAttachments/KT_5863db6c-0c53-481e-837b-0144acb953fc.pdf,e8c705215263478397c0d9230a905ae2.txt
A-NOX FORT 550 MG TABLET,NAPROKSEN SODYUM,AROMA ILAÇ SANAYI LTD. ŞTI.,08/09/2014,08/09/2014,https://titck.gov.tr/storage/kubKtAttachments/38df894452069.pdf,https://titck.gov.tr/storage/kubKtAttachments/1358bb6190207.pdf,5fdbe574a24f427d8c621b79b4e0fdf4.txt
A-PER 10 MG/ML I.V. İNFÜZYONLUK ÇÖZELTİ,PARASETAMOL,AROMA İLAÇ SAN. LTD. ŞTİ.,18/07/2022,18/07/2022,https://titck.gov.tr/storage/Archive/2022/kubKtAttachments/APERKB_03bfa9d5-a076-4bbe-b888-fee8e995081a.pdf,https://titck.gov.tr/storage/Archive/2022/kubKtAttachments/APERKT_7e853fe5-7cb8-4886-93f3-c7d008afd22d.pdf,2036ac234242425e89b4406e8c368919.txt
A-PER 120 MG/5 ML PEDİATRİK ŞURUP,PARASETAMOL,AROMA İLAÇ,15/01/2015,15/01/2015,https://titck.gov.tr/storage/kubKtAttachments/b857689476703.pdf,https://titck.gov.tr/storage/kubKtAttachments/,490da9a382404a118dd0afc5a5cd6c00.txt
A-PER 120 MG/5 ML PEDİATRİK ŞURUP,PARASETAMOL,AROMA İLAÇ,12/12/2014,12/12/2014,https://titck.gov.tr/storage/kubKtAttachments/2e89e8e611900.pdf,https://titck.gov.tr/storage/kubKtAttachments/312886d457003.pdf,33be45a5e00a4b8ab3fc00622b6b756b.txt
"ABALEVO 1,5 MG TABLET",LEVONORGESTREL,ABAYPHARMA SAĞLIK ÜRÜNLERİ SAN. VE TİC. A.Ş.,30/09/2021,30/09/2021,https://titck.gov.tr/storage/Archive/2021/kubKtAttachments/ABALEVOONAYLIkb_28df00b9-1caf-4e87-90de-726dcfc7c9fb.pdf,https://titck.gov.tr/storage/Archive/2021/kubKtAttachments/ABALEVOONAYLIkt_ae695d63-7835-49b1-8d92-e3fbf0a2849d.pdf,ac7b245cccaa47379ba2f36b499feb68.txt
ABAVİR 245 MG FİLM KAPLI TABLET,TENOFOVİR DİSOPROKSİL FUMARAT,DROGSAN İLAÇLARI SAN. VE TİC. LTD. ŞTİ.,26/05/2015,26/05/2015,https://titck.gov.tr/storage/kubKtAttachments/0c67e99521491.pdf,https://titck.gov.tr/storage/kubKtAttachments/a9caca6119619.pdf,66269a52f5fe47c09b6741625aa99d45.txt
ABAVİR 245 MG FİLM KAPLI TABLET,TENOFOVİR DİSOPROKSİL FUMARAT,DROGSAN İLAÇLARI SAN. VE TİC. LTD. ŞTİ.,17/05/2017,17/05/2017,https://titck.gov.tr/storage/kubKtAttachments/zCA2XIEoQyghc.pdf,https://titck.gov.tr/storage/kubKtAttachments/p2inGTLwDMS8c1.pdf,623d54e8b1f24b9786a883c7d1187e74.txt
ABELCET 100MG/20ML IV İNFÜZYON İÇIN SÜSPANSIYON İÇEREN FLAKON,AMFOTERISIN B,,15/02/2013,15/02/2013,https://titck.gov.tr/storage/kubKtAttachments/7127ef9a64468.pdf,https://titck.gov.tr/storage/kubKtAttachments/e4711d0113982.pdf,38719b41f40540f9840b4642599c6aef.txt
ABETYL 250 MG TABLET,ABİRATERON ASETAT,ABDİ İBRAHİM İLAÇ SAN. VE TİC. A.Ş.,12/01/2024,12/01/2024,https://titck.gov.tr/storage/Archive/2024/kubKtAttachments/ABETYLonaylkubtemiz_0713eb5d-1a8d-4f89-951a-50adec3b8583.pdf,https://titck.gov.tr/storage/Archive/2024/kubKtAttachments/ABETYLonaylkttemiz_9e2158a8-aca2-476c-931e-36e4d650a0a0.pdf,3404894aea494bbfa45ed1c5e203efbd.txt
ABETYL 500 MG FILM KAPLı TABLET,ABIRATERON ASETAT,ABDİ İBRAHİM İLAÇ SANAYİ VE TİCARET A.Ş,13/03/2025,13/03/2025,https://titck.gov.tr/storage/Archive/2025/kubKtAttachments/KBABETYL_24_03_2025.pdf,https://titck.gov.tr/storage/Archive/2025/kubKtAttachments/KTABETYL_24_03_2025.pdf,64e9590d06b348aba3b8215b0a840f7a.txt
ABEXTIN 2MG/ML ORAL ÇÖZELTI,RIVASTIGMIN HIDROJEN TARTARAT,SANOVEL İLAÇ SAN. VE TİC. A.Ş.,19/06/2013,19/06/2013,https://titck.gov.tr/storage/kubKtAttachments/5f4828eb38825.pdf,https://titck.gov.tr/storage/kubKtAttachments/eb9cca0111849.pdf,e97f7b677c6d48cb9411efd91503d234.txt
ABHAYRAB 2.5 IU/0.5 MI IM/ID ENJEKSİYON İÇİN TOZ İÇEREN FLAKON,LİYOFİLİZE KUDUZ ANTİJENİ,ER-EM FARMA DIŞ TİCARET LTD.ŞTİ.,02/09/2016,02/09/2016,https://titck.gov.tr/storage/kubKtAttachments/hB15RuR3Rx3JA.pdf,https://titck.gov.tr/storage/kubKtAttachments/FBane47MkVN5L9.pdf,6bee86a734a4465f8c2d35ac55a933a2.txt
ABHAYRAB 2.5 IU/0.5 ML IM/ID ENJEKSİYONLUK ÇÖZELTİ HAZIRLAMAK İÇİN LİYOFİLİZE TOZ VE ÇÖZÜCÜ,İNAKTİVE EDİLMİŞ&SAFLAŞTIRILMIŞ KUDUZ ANTİJEN KONSANTRESİ,YENİŞARK MÜMESSİL ECZA DEPOSU A.Ş.,16/05/2024,16/05/2024,https://titck.gov.tr/storage/Archive/2024/kubKtAttachments/Ek21311kubtemiz_cda9c474-f832-4fea-86ab-369ef5a9bc48.pdf,https://titck.gov.tr/storage/Archive/2024/kubKtAttachments/Ek41312kttemiz_acf50257-d940-42d1-bfce-cd4d2cb4728d.pdf,3942fe940c104fbca0f17b7318ec2819.txt
ABİLİFY 1 MG/ML ORAL ÇÖZELTİ,ARİPİPRAZOL,ABDİ İBRAHİM OTSUKA İLAÇ SAN. VE TİC. A.Ş.,03/02/2022,03/02/2022,https://titck.gov.tr/storage/Archive/2022/kubKtAttachments/kub1_57c6d992-3f74-4906-8f91-16646b09a6d3.pdf,https://titck.gov.tr/storage/Archive/2022/kubKtAttachments/kt1_70c1c6e5-416c-4328-9c8d-781423f36313.pdf,30e67841cb8742818124a03560c54662.txt
ABİLİFY 10 MG TABLET,ARİPİPRAZOL,ABDİ İBRAHİM OTSUKA İLAÇ SAN. VE TİC. A.Ş,22/02/2022,22/02/2022,https://titck.gov.tr/storage/Archive/2022/kubKtAttachments/Abilify10KB_6f1e52f0-df4e-491e-987a-baa35e1319cc.pdf,https://titck.gov.tr/storage/Archive/2022/kubKtAttachments/kt10ONAY_04716759-a0fb-43b5-be6d-89a74d60a51a.pdf,4527663a14114acf8d537484567f4ab1.txt
ABİLİFY 15 MG TABLET,ARİPİPRAZOL,ABDİ İBRAHİM OTSUKA İLAÇ SAN. VE TİC. A.Ş.,03/02/2022,03/02/2022,https://titck.gov.tr/storage/Archive/2022/kubKtAttachments/kub15_6c8703e9-b1de-46bc-a707-bea7b8728f5f.pdf,https://titck.gov.tr/storage/Archive/2022/kubKtAttachments/kt15_d26599cf-71c0-41ce-9f07-853aafb547ca.pdf,b6770575920e4c7787780d015eebddfc.txt
ABİLİFY 30 MG TABLET,ARİPİPRAZOL,ABDİ İBRAHİM OTSUKA İLAÇ SAN. VE TİC. A.Ş.,03/02/2022,03/02/2022,https://titck.gov.tr/storage/Archive/2022/kubKtAttachments/kub30_9c23f032-58b0-4911-a7c0-66895911ae9f.pdf,https://titck.gov.tr/storage/Archive/2022/kubKtAttachments/kt30_11dba9ba-88bf-42cc-a571-dea2cf23d031.pdf,d2c58cf37b2c43a5898f81db63ae5738.txt
ABİLİFY 5 MG TABLET,ARİPİPRAZOL,ABDİ İBRAHİM OTSUKA İLAÇ SAN. VE TİC. A.Ş,13/12/2021,13/12/2021,https://titck.gov.tr/storage/Archive/2022/kubKtAttachments/Abilify5kb_4f437cc5-c2fe-4a84-b16f-2ac49c2f747c.pdf,https://titck.gov.tr/storage/Archive/2022/kubKtAttachments/Abilify5kt_4cf57c08-809d-4cf9-8bce-aa020fca2cac.pdf,1a4ffa157b314081954d5f9ea683c6d6.txt
ABILIFY 7.5MG/ML IM ENJEKSIYONLUK ÇÖZELTI İÇEREN FLAKON,ARIPIPRAZOL,ABDİ İBRAHİM OTSUKA İLAÇ SAN. VE TİC. A.Ş.,13/12/2021,13/12/2021,https://titck.gov.tr/storage/Archive/2022/kubKtAttachments/Abilify7.5kb_7061a23d-aea4-41e7-9701-fe7cb8c07bf9.pdf,https://titck.gov.tr/storage/Archive/2022/kubKtAttachments/Abilify7.5kt_2220bbcc-eaa4-4538-b041-d832a89d0bfa.pdf,3f801bbf7e1e4de1a43a0a76dee8a954.txt
ABİLİFY MAİNTENA 300 MG UZUN SALIMLI İM ENJEKSIYONLUK FLAKON,ARİPİPRAZOL MONOHİDRAT,ABDİ İBRAHİM OTSUKA İLAÇ SAN. VE TİC. A.Ş.,24/05/2022,24/05/2022,https://titck.gov.tr/storage/Archive/2022/kubKtAttachments/ONAYLIKB_95da9174-5818-4e35-9062-f0d0d0d0dede.pdf,https://titck.gov.tr/storage/Archive/2022/kubKtAttachments/ONAYLIKT_6407d4f5-391a-4d66-a794-3b8b23c84a03.pdf,10ca817b464948b1a3b435cbab21b8a5.txt
ABİLİFY MAİNTENA 400 MG UZUN SALIMLI İM ENJEKSIYONLUK FLAKON,ARİPİPRAZOL MONOHİDRAT,ABDİ İBRAHİM OTSUKA İLAÇ SAN. VE TİC. A.Ş.,24/05/2022,24/05/2022,https://titck.gov.tr/storage/Archive/2022/kubKtAttachments/ONAYLIKB_9cd21614-c313-436d-8fba-200b97bbeec2.pdf,https://titck.gov.tr/storage/Archive/2022/kubKtAttachments/ONAYLIKT_52f57d54-ec90-4cd6-90d5-48ecbcbf80e3.pdf,3678d49a4de94b43aefa345de2b2958a.txt
ABIRATEX 250 MG TABLET,ABIRATERON ASETAT,GENSENTA İLAÇ SAN. VE TİC. A.Ş.,24/11/2022,24/11/2022,https://titck.gov.tr/storage/Archive/2022/kubKtAttachments/TTCKOnaylKBABRATEX_feec1045-600e-474e-a7e8-67a72f28b0c3.pdf,https://titck.gov.tr/storage/Archive/2022/kubKtAttachments/TTCKOnaylKTABRATEX_e69a9b37-f88f-4ae0-a873-889bb89d435c.pdf,656d15c589a84e44bb8c36eeff1c6763.txt
ABITIGA 250 MG FILM KAPLI TABLET,ABIRATERON ASETAT,TEVA İLAÇLARI SAN. VE TİC. A.Ş.,08/01/2024,08/01/2024,https://titck.gov.tr/storage/Archive/2024/kubKtAttachments/ABITIGA250mgFilmKaplTabletKB_a716a334-725c-4ea2-9a4b-51fda946c6da.pdf,https://titck.gov.tr/storage/Archive/2024/kubKtAttachments/ABITIGA250mgFilmKaplTabletKT_eb0e2256-0fde-4b33-a00d-2ac1c0ad4b39.pdf,45f2633512fa40bf8e3c9e8532cd3604.txt
ABİZOL  1 MG/ ML ORAL ÇÖZELTİ,ARİPİPRAZOL,NOBEL İLAÇ SAN. VE TİC. A.Ş.,09/04/2025,09/04/2025,https://titck.gov.tr/storage/Archive/2025/kubKtAttachments/ABZOL1mgmLoralzeltikub_15_04_2025.pdf,https://titck.gov.tr/storage/Archive/2025/kubKtAttachments/ABZOL1mgmLoralz.1312kt_15_04_2025.pdf,b44b54e129d2420d896420c80adaf2ea.txt
ABIZOL 10 MG TABLET,ARIPIPRAZOL,NOBEL İLAÇ SAN. VE TİC. A.Ş.,14/04/2025,14/04/2025,https://titck.gov.tr/storage/Archive/2025/kubKtAttachments/ABZOL10mgtabletkub_15_04_2025.pdf,https://titck.gov.tr/storage/Archive/2025/kubKtAttachments/ABZOL10mgtabletkt_15_04_2025.pdf,255119be2007490baf5d646bbbae0476.txt
ABIZOL 15 MG TABLET,ARIPIPRAZOL,NOBEL İLAÇ SAN. VE TİC. A.Ş,09/04/2025,09/04/2025,https://titck.gov.tr/storage/Archive/2025/kubKtAttachments/ABZOL15mgtabletkub_15_04_2025.pdf,https://titck.gov.tr/storage/Archive/2025/kubKtAttachments/ABZOL15mgtabletkt_15_04_2025.pdf,ebf9e386c1aa4fe4875f16dbafb1f78c.txt
ABIZOL 20 MG TABLET,ARIPIPRAZOL,NOBEL İLAÇ SAN. VE TİC. A.Ş.,09/04/2025,09/04/2025,https://titck.gov.tr/storage/Archive/2025/kubKtAttachments/ABZOL20mgtabletkub_15_04_2025.pdf,https://titck.gov.tr/storage/Archive/2025/kubKtAttachments/ABZOL20mgtabletkt_15_04_2025.pdf,f30fd01a36b84db9b3ffe36cf914e772.txt
ABIZOL 30 MG TABLET,ARIPIPRAZOL,NOBEL İLAÇ SAN. VE TİC. A.Ş.,27/10/2021,27/10/2021,https://titck.gov.tr/storage/Archive/2021/kubKtAttachments/Abizol30mgTabletKB_1e9310bd-4fc7-4610-9333-0ef560c6175a.pdf,https://titck.gov.tr/storage/Archive/2021/kubKtAttachments/Abizol30mgTabletKT_86d008a2-6264-4c3e-ad4d-22dee58ca81f.pdf,4d586af9e7194e77b6f14798f6b3527f.txt
ABIZOL 5 MG TABLET,ARIPIPRAZOL,NOBEL İLAÇ SAN. VE TİC. A.Ş.,14/04/2025,14/04/2025,https://titck.gov.tr/storage/Archive/2025/kubKtAttachments/ABZOL5mgtabletkub_15_04_2025.pdf,https://titck.gov.tr/storage/Archive/2025/kubKtAttachments/ABZOL5mgtabletkt_15_04_2025.pdf,80a6b9c2554244388f0811f27c6a9ecf.txt
ABIZOL EASYTAB 10MG AĞIZDA DAĞILAN TABLET,ARIPIPRAZOL,NOBEL İLAÇ PAZARLAMA VE SANAYİİ LTD. ŞTİ,26/11/2012,26/11/2012,https://titck.gov.tr/storage/kubKtAttachments/9ba89c2f17704.pdf,https://titck.gov.tr/storage/kubKtAttachments/cf6f277d92502.pdf,906a9076d0ab486fab0c430beb5ceca4.txt
ABIZOL EASYTAB 10MG AĞIZDA DAĞILAN TABLET,ARIPIPRAZOL,NOBEL ILAÇ SAN. VE TIC. A.Ş.,09/04/2025,09/04/2025,https://titck.gov.tr/storage/Archive/2025/kubKtAttachments/ABZOLEASYTAB10mgazdadalantabletkub_15_04_2025.pdf,https://titck.gov.tr/storage/Archive/2025/kubKtAttachments/ABZOLEASYTAB10mgazdada.tab.kt_15_04_2025.pdf,cf775d6790f14f65822bf0bd22a054c0.txt
ABIZOL EASYTAB 15MG AĞIZDA DAĞILAN TABLET,ARIPIPRAZOL,NOBEL İLAÇ SAN. VE TİC. A.Ş.,09/04/2025,09/04/2025,https://titck.gov.tr/storage/Archive/2025/kubKtAttachments/ABZOLEASYTAB15mga.da.tab.kub_15_04_2025.pdf,https://titck.gov.tr/storage/Archive/2025/kubKtAttachments/ABZOLEASYTAB15mga.da.tab.kt_15_04_2025.pdf,f3e56488bb954eefb11092d743750515.txt
ABİZOL EASYTAB 5 MG AĞIZDA DAĞILAN TABLET,ARİPİPRAZOL,NOBEL İLAÇ SAN. VE TİC. A.Ş.,27/10/2021,27/10/2021,https://titck.gov.tr/storage/Archive/2021/kubKtAttachments/ABZOLEASYTAB5mgazdadalantabletKB_8f72a5ff-707a-4cd9-a869-6e02269c9107.pdf,https://titck.gov.tr/storage/Archive/2021/kubKtAttachments/ABZOLEASYTAB5mgazdadalantabletKT_a7671882-a2ee-4db4-a53d-e1e89f5555e1.pdf,f53faa92c7a24b94853be96c26b0df0d.txt
ABPAX 40MG ENTERİK KAPLI TABLET,PANTOPRAZOL SODYUM SESKIHIDRAT,NOBEL SAĞLIK ÜRÜNLERİ LTD.ŞTİ.,24/04/2018,24/04/2018,https://titck.gov.tr/storage/kubKtAttachments/3nIddgrTXJWSj.pdf,https://titck.gov.tr/storage/kubKtAttachments/MQOwsTymhEwkmS.pdf,ab2a5aab35cd41e0bfc25228c37b9947.txt
ABRYSVO  0.5  ML  IM  ENJEKSIYONLUK  ÇöZELTI  HAZıRLAMAK İçIN TOZ VE ÇöZüCü,"RSV ALTGRUP A’DAN STABILIZE EDILMIş PREFüZYON F ANTIJENI, RSV ALTGRUP B’DEN STABILIZE EDILMIş PREFüZYON F ANTIJENI",PFİZER PFE İLAÇLARI A.Ş.,26/12/2024,26/12/2024,https://titck.gov.tr/storage/Archive/2025/kubKtAttachments/KBABRYSVO_27_02_2025.pdf,https://titck.gov.tr/storage/Archive/2025/kubKtAttachments/KTABRYSVO_27_02_2025.pdf,7bb09dce76d449e4a4178ed5e15139c8.txt
ABSTRAL 100 MCG DİL ALTI TABLET,FENTANİL SİTRAT,ERKİM İLAÇ SAN. VE TİC. A.Ş.,18/10/2021,18/10/2021,https://titck.gov.tr/storage/Archive/2021/kubKtAttachments/TTCKONAYLIKBABSTRAL100_aa12355d-ad09-47d8-bdc8-a6b8a2a847ab.pdf,https://titck.gov.tr/storage/Archive/2021/kubKtAttachments/TTCKONAYLIKTABSTRAL100_baf3ebcc-bf6f-40a3-9c29-4140e4de1919.pdf,7ff2a61ac4f141b68a9bc4a5afa25db7.txt
ABSTRAL 200 MCG DİL ALTI TABLET,FENTANİL SİTRAT,ERKİM İLAÇ SAN. VE TİC. A.Ş.,02/11/2021,02/11/2021,https://titck.gov.tr/storage/Archive/2021/kubKtAttachments/TTCKONAYLIKBABSTRAL200_32f81f0a-c5fc-4664-b12c-f793d349129c.pdf,https://titck.gov.tr/storage/Archive/2021/kubKtAttachments/TTCKONAYLIKTABSTRAL200_3aa253fa-390a-4f0e-9ad7-8a1e5d68f8f4.pdf,bc52d009a27e41a8893c9aa9a34bc935.txt
ABSTRAL 400 MCG DİL ALTI TABLET,FENTANİL SİTRAT,ERKİM İLAÇ SAN. VE TİC. A.Ş.,03/11/2021,03/11/2021,https://titck.gov.tr/storage/Archive/2021/kubKtAttachments/TTCKONAYLIKBABSTRAL400_eb1d8011-9229-40af-81e8-1b6d942753a0.pdf,https://titck.gov.tr/storage/Archive/2021/kubKtAttachments/TTCKONAYLIKTABSTRAL400_0de371fc-8afa-4896-9411-b298c6cc6644.pdf,7842e0281db14c6f9b19556ffa353664.txt
ABSTRAL 800 MCG DİL ALTI TABLET,FENTANİL SİTRAT,ERKİM İLAÇ SAN. VE TİC. A.Ş.,03/11/2021,03/11/2021,https://titck.gov.tr/storage/Archive/2021/kubKtAttachments/TTCKONAYLIKBABSTRAL800_af6fddfc-121d-452b-9556-e152c2389fb0.pdf,https://titck.gov.tr/storage/Archive/2021/kubKtAttachments/TTCKONAYLIKTABSTRAL800_8bb20beb-a7d5-4f22-859c-0ef1a5eccd18.pdf,4fd62a820bdd4bc2b2bf6a0551ec1f98.txt
ABYGA  500  MG  FİLM  KAPLI TABLET,ABIRATERON ASETAT,Deva Holding A.Ş.,27/03/2025,27/03/2025,https://titck.gov.tr/storage/Archive/2025/kubKtAttachments/TTCKOnaylKBABYGA500_28_03_2025.pdf,https://titck.gov.tr/storage/Archive/2025/kubKtAttachments/TTCKOnaylKTABYGA500_28_03_2025.pdf,e53d06ff6ccd4e70a7243649b7f7a94b.txt
ABYGA 250 MG TABLET,ABİRATERON ASETAT,DEVA HOLDİNG A.Ş.,27/03/2025,27/03/2025,https://titck.gov.tr/storage/Archive/2025/kubKtAttachments/TTCKOnaylKBABYGA250_28_03_2025.pdf,https://titck.gov.tr/storage/Archive/2025/kubKtAttachments/TTCKOnaylKTABYGA250_28_03_2025.pdf,45d85c18678047b692d2379d213b8fc5.txt
